,rf_precision,rf_recall,rf_f1score,rf_accuracy,xgb_precision,xgb_recall,xgb_f1score,xgb_accuracy,svc_precision,svc_recall,svc_f1score,svc_accuracy
0,0.0,0.0,0.0,0.2631578947368421,0.0,0.0,0.0,0.42105263157894735,0.0,0.0,0.0,0.5263157894736842
1,0.0,0.0,0.0,0.5263157894736842,0.0,0.0,0.0,1.0,0.0,0.0,0.0,0.21052631578947367
2,0.0,0.0,0.0,0.42105263157894735,0.0,0.0,0.0,0.5263157894736842,0.0,0.0,0.0,0.42105263157894735
3,0.0,0.0,0.0,0.6842105263157895,0.0,0.0,0.0,1.0,0.0,0.0,0.0,0.5263157894736842
4,0.0,0.0,0.0,0.5263157894736842,0.0,0.0,0.0,0.8947368421052632,0.0,0.0,0.0,0.3684210526315789
5,0.0,0.0,0.0,0.6842105263157895,0.0,0.0,0.0,1.0,0.0,0.0,0.0,0.42105263157894735
6,0.0,0.0,0.0,0.15789473684210525,0.0,0.0,0.0,0.7894736842105263,0.0,0.0,0.0,0.15789473684210525
7,0.0,0.0,0.0,0.8421052631578947,0.0,0.0,0.0,1.0,0.0,0.0,0.0,0.8947368421052632
