,rf_precision,rf_recall,rf_f1score,rf_accuracy,xgb_precision,xgb_recall,xgb_f1score,xgb_accuracy,svc_precision,svc_recall,svc_f1score,svc_accuracy
0,0.0,0.0,0.0,0.631578947368421,0.0,0.0,0.0,0.6842105263157895,0.0,0.0,0.0,0.5263157894736842
1,0.0,0.0,0.0,0.7368421052631579,0.0,0.0,0.0,1.0,0.0,0.0,0.0,0.5789473684210527
2,0.0,0.0,0.0,0.7894736842105263,0.0,0.0,0.0,0.7368421052631579,0.0,0.0,0.0,0.631578947368421
3,0.0,0.0,0.0,0.47368421052631576,0.0,0.0,0.0,1.0,0.0,0.0,0.0,0.5263157894736842
4,0.0,0.0,0.0,0.7368421052631579,0.0,0.0,0.0,0.8947368421052632,0.0,0.0,0.0,0.6842105263157895
5,0.0,0.0,0.0,0.631578947368421,0.0,0.0,0.0,0.7368421052631579,0.0,0.0,0.0,0.631578947368421
6,0.0,0.0,0.0,0.42105263157894735,0.0,0.0,0.0,0.631578947368421,0.0,0.0,0.0,0.05263157894736842
7,0.0,0.0,0.0,0.631578947368421,0.0,0.0,0.0,0.7894736842105263,0.0,0.0,0.0,0.631578947368421
